Sort,ID,ID_dra,Dup,Species,Region,Location,Band_no,Plate_ID,Sent,Plate,Well,date,Month,Day,Year,JD,Season
2494,ALFL_AB001,ALFL_AB001,1,ALFL,AB,"Fort McMurray, AB",2710-73203,20231102_Plate3/3g,20231102,Plate_3,3g,2014-07-03,7,3,2014,184,Breeding
2495,ALFL_AB002,ALFL_AB002,1,ALFL,AB,"Fort McMurray, AB",2670-64801,20231102_Plate3/3h,20231102,Plate_3,3h,2014-07-04,7,4,2014,185,Breeding
2496,ALFL_AB003,ALFL_AB003,1,ALFL,AB,"Fort McMurray, AB",2680-75724,20231102_Plate3/4a,20231102,Plate_3,4a,NA,NA,NA,NA,NA,Unknown
2497,ALFL_AB004,ALFL_AB004,1,ALFL,AB,"Fort McMurray, AB",2680-75742,20231102_Plate3/4b,20231102,Plate_3,4b,2014-06-15,6,15,2014,166,Breeding
2498,ALFL_AB005,ALFL_AB005,1,ALFL,AB,"Fort McMurray, AB",2680-75367,20231102_Plate3/4c,20231102,Plate_3,4c,2014-06-10,6,10,2014,161,Breeding
2499,ALFL_AB006,ALFL_AB006,1,ALFL,AB,"Fort McMurray, AB",2680-75403,20231102_Plate3/4d,20231102,Plate_3,4d,2014-06-23,6,23,2014,174,Breeding
2500,ALFL_AB007,ALFL_AB007,1,ALFL,AB,"Fort McMurray, AB",2680-76242,20231102_Plate3/4e,20231102,Plate_3,4e,2014-06-10,6,10,2014,161,Breeding
3543,ALFL_AB007,ALFL_AB007_seq2,2,ALFL,AB,"Fort McMurray, AB",2680-76242,20240711Plate_4/5h,20240711,Plate_4,5h,2014-06-10,6,10,2014,161,Breeding
2501,ALFL_AB008,ALFL_AB008,1,ALFL,AB,"Fort McMurray, AB",2680-76243,20231102_Plate3/4f,20231102,Plate_3,4f,2014-06-10,6,10,2014,161,Breeding
3544,ALFL_AB008,ALFL_AB008_seq2,2,ALFL,AB,"Fort McMurray, AB",2680-76243,20240711Plate_4/6a,20240711,Plate_4,6a,2014-06-10,6,10,2014,161,Breeding
2502,ALFL_AB009,ALFL_AB009,1,ALFL,AB,"Fort McMurray, AB",2680-76251,20231102_Plate3/4g,20231102,Plate_3,4g,2014-06-13,6,13,2014,164,Breeding
3545,ALFL_AB009,ALFL_AB009_seq2,2,ALFL,AB,"Fort McMurray, AB",2680-76251,20240711Plate_4/6b,20240711,Plate_4,6b,2014-06-13,6,13,2014,164,Breeding
2503,ALFL_AB010,ALFL_AB010,1,ALFL,AB,"Fort McMurray, AB",2630-89301,20231102_Plate3/4h,20231102,Plate_3,4h,NA,NA,NA,NA,NA,Unknown
3546,ALFL_AB010,ALFL_AB010_seq2,2,ALFL,AB,"Fort McMurray, AB",2630-89301,20240711Plate_4/6c,20240711,Plate_4,6c,NA,NA,NA,NA,NA,Unknown
3548,ALFL_AB011,ALFL_AB011_seq2,1,ALFL,AB,"Fort McMurray, AB",2680-75703,20240711Plate_4/6e,20240711,Plate_4,6e,NA,NA,NA,NA,NA,Unknown
3549,ALFL_AB012,ALFL_AB012_seq2,1,ALFL,AB,"Fort McMurray, AB",2630-89292,20240711Plate_4/6f,20240711,Plate_4,6f,NA,NA,NA,NA,NA,Unknown
3550,ALFL_AB013,ALFL_AB013_seq2,1,ALFL,AB,"Fort McMurray, AB",2670-63154,20240711Plate_4/6g,20240711,Plate_4,6g,NA,NA,NA,NA,NA,Unknown
3551,ALFL_AB014,ALFL_AB014_seq2,1,ALFL,AB,"Fort McMurray, AB",2680-75768,20240711Plate_4/6h,20240711,Plate_4,6h,NA,NA,NA,NA,NA,Unknown
3552,ALFL_AB015,ALFL_AB015_seq2,1,ALFL,AB,"Fort McMurray, AB",2680-75774,20240711Plate_4/7a,20240711,Plate_4,7a,NA,NA,NA,NA,NA,Unknown
3553,ALFL_AB016,ALFL_AB016_seq2,1,ALFL,AB,"Fort McMurray, AB",2690-73412,20240711Plate_4/7b,20240711,Plate_4,7b,NA,NA,NA,NA,NA,Unknown
982,ALFL_CAB_Edm_01,ALFL_CAB_Edm_01,1,ALFL,AB,Edmonton,Edmonton 1,20210222_Plate_2/9c,20210222,Plate_2,9c,NA,NA,NA,NA,NA,Unknown
983,ALFL_CBC_Pri_01,ALFL_CBC_Pri_01,1,ALFL,BC,"Prince George, BC",Prince G,20210222_Plate_2/9d,20210222,Plate_2,9d,NA,NA,NA,NA,NA,Unknown
3560,ALFL_GU001,ALFL_GU001_seq2,1,ALFL,GU,"San Felipe Retalhuleu, 5 km S; Finca El Nino [14°36.0'N/91°36.7'W], Departamento de Retalhuleu, Guatemala",UWBM:104175,20240711Plate_4/8a,20240711,Plate_4,8a,2002-01-10,1,10,2002,10,Wintering
3561,ALFL_GU002,ALFL_GU002_seq2,1,ALFL,GU,"Departa, Guatemala",UWBM:104164,20240711Plate_4/8b,20240711,Plate_4,8b,2002-01-10,1,10,2002,10,Wintering
3559,ALFL_HO001,ALFL_HO001_seq2,1,ALFL,HO,"Copán Ruinas, 10 km ENE [14°52' N 89°03'W], Departamento de Copán, Honduras",UWBM:109485,20240711Plate_4/7h,20240711,Plate_4,7h,2000-04-27,4,27,2000,118,Migrating
2464,ALFL_LA001,ALFL_LA001,1,ALFL,LA,"4 mi W of old mouth Mermentau River, Cameron, LA",UWBM:96517,20231102_Plate_2/12a,20231102,Plate_2,12a,1999-09-29,9,29,1999,272,Migrating
3537,ALFL_LA001,ALFL_LA001_seq2,2,ALFL,LA,"4 mi W of old mouth Mermentau River, Cameron, LA",UWBM:96517,20240711Plate_4/5b,20240711,Plate_4,5b,1999-09-29,9,29,1999,272,Migrating
2465,ALFL_LA002,ALFL_LA002,1,ALFL,LA,"4 mi W of old mouth Mermentau River, Cameron, LA",UWBM:96518,20231102_Plate_2/12b,20231102,Plate_2,12b,1999-09-29,9,29,1999,272,Migrating
2466,ALFL_LA003,ALFL_LA003,1,ALFL,LA,"St. Gabriel, 4 mi N, Iberville, LA",UWBM:116272,20231102_Plate_2/12c,20231102,Plate_2,12c,2000-09-19,9,19,2000,263,Migrating
3588,ALFL_LA003,ALFL_LA003_seq2,2,ALFL,LA,"St. Gabriel, 4 mi N, Iberville, LA",UWBM:116272,20240711Plate_4/11e,20240711,Plate_4,11e,2000-09-19,9,19,2000,263,Migrating
2468,ALFL_LA004,ALFL_LA004,1,ALFL,LA,"St. Gabriel, 4 mi N, Iberville, LA",UWBM:116273,20231102_Plate_2/12e,20231102,Plate_2,12e,2000-09-19,9,19,2000,263,Migrating
987,ALFL_MT_Tal_01,ALFL_MT_Tal_01,1,ALFL,MT,"Tally Lake, MT",NWMT26,20210222_Plate_2/9h,20210222,Plate_2,9h,NA,NA,NA,NA,NA,Unknown
3536,ALFL_MT_Tal_01,ALFL_MT_Tal_01_seq2,2,ALFL,MT,"Tally Lake CG, MT",ALFL01/NWMT26,20240711Plate_4/5a,20240711,Plate_4,5a,NA,NA,NA,NA,NA,Unknown
2524,ALFL_NBC001,ALFL_NBC001,1,ALFL,NBC,"Mackenzie (MNO), BC",2440-67156,20231102_Plate_3/7e,20231102,Plate_3,7e,2007-08-04,8,4,2007,216,Migrating
2525,ALFL_NBC002,ALFL_NBC002,1,ALFL,NBC,"Mackenzie (MNO), BC",2440-67208,20231102_Plate_3/7f,20231102,Plate_3,7f,2007-08-05,8,5,2007,217,Migrating
2526,ALFL_NBC003,ALFL_NBC003,1,ALFL,NBC,"Mackenzie (MNO), BC",2440-67314,20231102_Plate_3/7g,20231102,Plate_3,7g,2007-08-10,8,10,2007,222,Migrating
2527,ALFL_NBC004,ALFL_NBC004,1,ALFL,NBC,"Mackenzie (MNO), BC",2440-67329,20231102_Plate_3/7h,20231102,Plate_3,7h,2007-08-11,8,11,2007,223,Migrating
2528,ALFL_NBC005,ALFL_NBC005,1,ALFL,NBC,"Mackenzie (MNO), BC",2440-67333,20231102_Plate_3/8a,20231102,Plate_3,8a,2007-08-11,8,11,2007,223,Migrating
2529,ALFL_NBC006,ALFL_NBC006,1,ALFL,NBC,"Mackenzie (MNO), BC",2440-67389,20231102_Plate_3/8b,20231102,Plate_3,8b,2007-08-13,8,13,2007,225,Migrating
2530,ALFL_NBC007,ALFL_NBC007,1,ALFL,NBC,"Mackenzie (MNO), BC",2440-67398,20231102_Plate_3/8c,20231102,Plate_3,8c,2007-08-14,8,14,2007,226,Migrating
2531,ALFL_NBC008,ALFL_NBC008,1,ALFL,NBC,"Mackenzie (MNO), BC",2440-37415,20231102_Plate_3/8d,20231102,Plate_3,8d,2007-08-15,8,15,2007,227,Migrating
2532,ALFL_NBC009,ALFL_NBC009,1,ALFL,NBC,"Mackenzie (MNO), BC",2440-67420,20231102_Plate_3/8e,20231102,Plate_3,8e,2007-08-15,8,15,2007,227,Migrating
3538,ALFL_NBC009,ALFL_NBC009_seq2,2,ALFL,NBC,"Mackenzie (MNO), BC",2440-67420,20240711Plate_4/5c,20240711,Plate_4,5c,2007-08-15,8,15,2007,227,Migrating
2533,ALFL_NBC010,ALFL_NBC010,1,ALFL,NBC,"Mackenzie (MNO), BC",2440-67446,20231102_Plate_3/8f,20231102,Plate_3,8f,2007-08-16,8,16,2007,228,Migrating
2534,ALFL_NBC011,ALFL_NBC011,1,ALFL,NBC,"Tupper Creek ,BC",RBC Cat No:8189,20231102_Plate_3/8g,20231102,Plate_3,8g,1938-06-01,6,1,1938,152,Breeding
3539,ALFL_NBC011,ALFL_NBC011_seq2,2,ALFL,NBC,"Tupper Creek, BC",RBC Cat No:8189,20240711Plate_4/5d,20240711,Plate_4,5d,1938-06-01,6,1,1938,152,Breeding
2535,ALFL_NBC012,ALFL_NBC012,1,ALFL,NBC,"Tupper Creek ,BC",RBC Cat No:8193,20231102_Plate_3/8h,20231102,Plate_3,8h,1938-06-06,6,6,1938,157,Breeding
3540,ALFL_NBC012,ALFL_NBC012_seq2,2,ALFL,NBC,"Tupper Creek, BC",RBC Cat No:8193,20240711Plate_4/5e,20240711,Plate_4,5e,1938-06-06,6,6,1938,157,Breeding
2536,ALFL_NBC013,ALFL_NBC013,1,ALFL,NBC,"Tupper Creek ,BC",RBC Cat No:8192,20231102_Plate_3/9a,20231102,Plate_3,9a,1938-06-04,6,4,1938,155,Breeding
3571,ALFL_NBC021,ALFL_NBC021_seq2,1,ALFL,NBC,"Mackenzie (MNO), BC",2440-67524,20240711Plate_4/9d,20240711,Plate_4,9d,2007-08-20,8,20,2007,232,Migrating
986,ALFL_NB_Que_01,ALFL_NB_Que_01,1,ALFL,NB,"St. Quentin, NB",NSNB 428,20210222_Plate_2/9g,20210222,Plate_2,9g,NA,NA,NA,NA,NA,Unknown
2469,ALFL_NL001,ALFL_NL001,1,ALFL,NL,"Passadena, NL",alfl 1,20231102_Plate_2/12f,20231102,Plate_2,12f,2007-06-24,6,24,2007,175,Breeding
2470,ALFL_NL002,ALFL_NL002,1,ALFL,NL,"Terra Nova NP (Malady Head), NL",alfl 2,20231102_Plate_2/12g,20231102,Plate_2,12g,NA,NA,NA,NA,NA,Unknown
984,ALFL_NL_Pas_01,ALFL_NL_Pas_01,1,ALFL,NL,"Passadena, NL",NL 1,20210222_Plate_2/9e,20210222,Plate_2,9e,NA,NA,NA,NA,NA,Unknown
3541,ALFL_NL_Pas_01,ALFL_NL_Pas_01_seq2,2,ALFL,NL,"Passadena, NL",alfl 1/NL1,20240711Plate_4/5f,20240711,Plate_4,5f,NA,NA,NA,NA,NA,Unknown
985,ALFL_NL_Ter_01,ALFL_NL_Ter_01,1,ALFL,NL,"Terra Nova NP, NL",NL 2,20210222_Plate_2/9f,20210222,Plate_2,9f,NA,NA,NA,NA,NA,Unknown
3542,ALFL_NL_Ter_01,ALFL_NL_Ter_01_seq2,2,ALFL,NL,"Terra Nova NP (Malady Head), NL",alfl 2/NL2,20240711Plate_4/5g,20240711,Plate_4,5g,NA,NA,NA,NA,NA,Unknown
2510,ALFL_QC001,ALFL_QC001,1,ALFL,QC,Quebec,1840-68666,20231102_Plate3/5g,20231102,Plate_3,5g,NA,NA,NA,NA,NA,Unknown
2511,ALFL_QC002,ALFL_QC002,1,ALFL,QC,Quebec,2210-36007,20231102_Plate3/5h,20231102,Plate_3,5h,NA,NA,NA,NA,NA,Unknown
2512,ALFL_QC003,ALFL_QC003,1,ALFL,QC,Quebec,2210-36095,20231102_Plate3/6a,20231102,Plate_3,6a,NA,NA,NA,NA,NA,Unknown
2513,ALFL_QC004,ALFL_QC004,1,ALFL,QC,Quebec,1840-68525,20231102_Plate3/6b,20231102,Plate_3,6b,NA,NA,NA,NA,NA,Unknown
2504,ALFL_SK001,ALFL_SK001,1,ALFL,SK,"Prince Alberta National Park (PANP), SK",2060-41557,20231102_Plate3/5a,20231102,Plate_3,5a,2022-06-09,6,9,2022,160,Breeding
2505,ALFL_SK002,ALFL_SK002,1,ALFL,SK,"Prince Alberta National Park (PANP), SK",2060-41558,20231102_Plate3/5b,20231102,Plate_3,5b,2022-06-09,6,9,2022,160,Breeding
2506,ALFL_SK003,ALFL_SK003,1,ALFL,SK,"Prince Alberta National Park (PANP), SK",2740-98650,20231102_Plate3/5c,20231102,Plate_3,5c,2016-05-27,5,27,2016,148,Migrating
2507,ALFL_SK006,ALFL_SK006,1,ALFL,SK,"Prince Alberta National Park (PANP), SK",2550-66366,20231102_Plate3/5d,20231102,Plate_3,5d,2021-06-09,6,9,2021,160,Breeding
2508,ALFL_SK007,ALFL_SK007,1,ALFL,SK,"Prince Alberta National Park (PANP), SK",2550-66371,20231102_Plate3/5e,20231102,Plate_3,5e,2021-06-19,6,19,2021,170,Breeding
2509,ALFL_SK008,ALFL_SK008,1,ALFL,SK,"Prince Alberta National Park (PANP), SK",2550-66372,20231102_Plate3/5f,20231102,Plate_3,5f,2021-06-20,6,20,2021,171,Breeding
3547,ALFL_SK008,ALFL_SK008_seq2,2,ALFL,SK,"Prince Alberta National Park (PANP), SK",2550-66372,20240711Plate_4/6d,20240711,Plate_4,6d,2021-06-20,6,20,2021,171,Breeding
2460,ALFL_SK009,ALFL_SK009,1,ALFL,SK,South Saskatchewan River,RSKM_BIRD_A-4387,20231102_Plate_2/11e,20231102,Plate_2,11e,1961-06-09,6,9,1961,160,Breeding
2461,ALFL_SK010,ALFL_SK010,1,ALFL,SK,Swift Current Creek,RSKM_BIRD_A-4389,20231102_Plate_2/11f,20231102,Plate_2,11f,1961-06-15,6,15,1961,166,Breeding
3590,ALFL_SK010,ALFL_SK010_seq2,2,ALFL,SK,Swift Current Creek,RSKM_BIRD_A-4389,20240711Plate_4/11g,20240711,Plate_4,11g,1961-06-15,6,15,1961,166,Breeding
2462,ALFL_SK011,ALFL_SK011,1,ALFL,SK,South Saskatchewan River,RSKM_BIRD_A-4388,20231102_Plate_2/11g,20231102,Plate_2,11g,1962-06-26,6,26,1962,177,Breeding
2463,ALFL_SK012,ALFL_SK012,1,ALFL,SK,Pelican Lake,RSKM_BIRD_A-4420,20231102_Plate_2/11h,20231102,Plate_2,11h,1964-06-09,6,9,1964,161,Breeding
2467,ALFL_SK013,ALFL_SK013,1,ALFL,SK,Cumberland House,RSKM_BIRD_A-4424,20231102_Plate_2/12d,20231102,Plate_2,12d,1964-06-19,6,19,1964,171,Breeding
3535,ALFL_SK013,ALFL_SK013_seq2,2,ALFL,SK,Cumberland House,RSKM_BIRD_A-4424,20240711Plate_4/4h,20240711,Plate_4,4h,1964-06-19,6,19,1964,171,Breeding
3557,ALFL_SK014,ALFL_SK014_seq2,1,ALFL,SK,"Beaver Creek, SK",2550-66389,20240711Plate_4/7f,20240711,Plate_4,7f,2022-05-25,5,25,2022,145,Migrating
3558,ALFL_SK016,ALFL_SK016_seq2,1,ALFL,SK,"PA-01 WL, SK",2060-41555,20240711Plate_4/7g,20240711,Plate_4,7g,2022-06-09,6,9,2022,160,Breeding
3555,ALFL_SK019,ALFL_SK019_seq2,1,ALFL,SK,"PA-05 WL, SK",2060-41572,20240711Plate_4/7d,20240711,Plate_4,7d,2022-06-13,6,13,2022,164,Breeding
3556,ALFL_SK021,ALFL_SK021_seq2,1,ALFL,SK,"PA-05 WL, SK",2060-41577,20240711Plate_4/7e,20240711,Plate_4,7e,2022-06-13,6,13,2022,164,Breeding
3572,ALFL_SK025,ALFL_SK025_seq2,1,ALFL,SK,"PA-14 WL, SK, Shady lake",2500-29843,20240711Plate_4/9e,20240711,Plate_4,9e,2022-06-27,6,27,2022,178,Breeding
3573,ALFL_SK026,ALFL_SK026_seq2,1,ALFL,SK,"PA-14 WL, SK",2500-29844,20240711Plate_4/9f,20240711,Plate_4,9f,2022-06-27,6,27,2022,178,Breeding
3554,ALFL_SK027,ALFL_SK027_seq2,1,ALFL,SK,"PA-03 WL, SK @ Spruce River",2500-29846,20240711Plate_4/7c,20240711,Plate_4,7c,2022-06-30,6,30,2022,181,Breeding
988,ALFL_SK_Pan_01,ALFL_SK_Pan_01,1,ALFL,SK,"PANP, SK",163367,20210222_Plate_2/10a,20210222,Plate_2,10a,NA,NA,NA,NA,NA,Unknown
989,ALFL_SK_Pan_02,ALFL_SK_Pan_02,1,ALFL,SK,"PANP, SK",163366,20210222_Plate_2/10b,20210222,Plate_2,10b,NA,NA,NA,NA,NA,Unknown
2523,ALFL_YT_001,ALFL_YT_001,1,ALFL,YT,"Albert Creek (ACBO), YT",2490-46278,20231102_Plate_3/7d,20231102,Plate_3,7d,2007-08-13,8,13,2007,225,Migrating
2518,ALFL_YT_002,ALFL_YT_002,1,ALFL,YT,"Albert Creek (ACBO), YT",2440-67515,20231102_Plate3/6g,20231102,Plate_3,6g,2007-08-20,8,20,2007,232,Migrating
2520,ALFL_YT_003,ALFL_YT_003,1,ALFL,YT,"Albert Creek (ACBO), YT",2490-46249,20231102_Plate_3/7a,20231102,Plate_3,7a,2007-08-12,8,12,2007,224,Migrating
2522,ALFL_YT_004,ALFL_YT_004,1,ALFL,YT,"Albert Creek (ACBO), YT",2490-46248,20231102_Plate_3/7c,20231102,Plate_3,7c,2007-08-12,8,12,2007,224,Migrating
2521,ALFL_YT_005,ALFL_YT_005,1,ALFL,YT,"Albert Creek (ACBO), YT",2490-46241,20231102_Plate_3/7b,20231102,Plate_3,7b,2007-08-12,8,12,2007,224,Migrating
2519,ALFL_YT_006,ALFL_YT_006,1,ALFL,YT,"Albert Creek (ACBO), YT",2490-46190,20231102_Plate3/6h,20231102,Plate_3,6h,2007-08-11,8,11,2007,223,Migrating
2514,ALFL_YT_007,ALFL_YT_007,1,ALFL,YT,"Albert Creek (ACBO), YT",2490-46195,20231102_Plate3/6c,20231102,Plate_3,6c,2007-08-11,8,11,2007,223,Migrating
2515,ALFL_YT_008,ALFL_YT_008,1,ALFL,YT,"Albert Creek (ACBO), YT",2490-46198,20231102_Plate3/6d,20231102,Plate_3,6d,2007-08-11,8,11,2007,223,Migrating
2516,ALFL_YT_009,ALFL_YT_009,1,ALFL,YT,"Albert Creek (ACBO), YT",2490-46199,20231102_Plate3/6e,20231102,Plate_3,6e,2007-08-11,8,11,2007,223,Migrating
2517,ALFL_YT_010,ALFL_YT_010,1,ALFL,YT,"Albert Creek (ACBO), YT",2490-46200,20231102_Plate3/6f,20231102,Plate_3,6f,2007-08-11,8,11,2007,223,Migrating
3562,ALFL_YT_011,ALFL_YT_011_seq2,1,ALFL,YT,"Albert Creek (ACBO), YT",2490-46201,20240711Plate_4/8c,20240711,Plate_4,8c,2007-08-11,8,11,2007,223,Migrating
3563,ALFL_YT_012,ALFL_YT_012_seq2,1,ALFL,YT,"Albert Creek (ACBO), YT",2490-46205,20240711Plate_4/8d,20240711,Plate_4,8d,2007-08-11,8,11,2007,223,Migrating
3564,ALFL_YT_013,ALFL_YT_013_seq2,1,ALFL,YT,"Albert Creek (ACBO), YT",2490-46178,20240711Plate_4/8e,20240711,Plate_4,8e,2007-08-10,8,10,2007,222,Migrating
3565,ALFL_YT_014,ALFL_YT_014_seq2,1,ALFL,YT,"Albert Creek (ACBO), YT",2490-46160,20240711Plate_4/8f,20240711,Plate_4,8f,2007-08-09,8,9,2007,221,Migrating
3566,ALFL_YT_015,ALFL_YT_015_seq2,1,ALFL,YT,"Albert Creek (ACBO), YT",2490-46151,20240711Plate_4/8g,20240711,Plate_4,8g,2007-08-08,8,8,2007,220,Migrating
3567,ALFL_YT_016,ALFL_YT_016_seq2,1,ALFL,YT,"Albert Creek (ACBO), YT",2490-46157,20240711Plate_4/8h,20240711,Plate_4,8h,2007-08-08,8,8,2007,220,Migrating
3568,ALFL_YT_017,ALFL_YT_017_seq2,1,ALFL,YT,"Albert Creek (ACBO), YT",2490-46156,20240711Plate_4/9a,20240711,Plate_4,9a,2007-08-08,8,8,2007,220,Migrating
3569,ALFL_YT_018,ALFL_YT_018_seq2,1,ALFL,YT,"Albert Creek (ACBO), YT",2490-46155,20240711Plate_4/9b,20240711,Plate_4,9b,2007-08-08,8,8,2007,220,Migrating
3570,ALFL_YT_019,ALFL_YT_019_seq2,1,ALFL,YT,"Albert Creek (ACBO), YT",2490-46130,20240711Plate_4/9c,20240711,Plate_4,9c,2007-08-06,8,6,2007,218,Migrating
2391,CLSW_AZ001,CLSW_AZ001,1,CLSW,AZ,"Imperial Dam, Mittry Lake Wildlife Area, Yuma, AZ",UWBM:101799,20231102_Plate_2/2h,20231102,Plate_2,2h,2006-03-16,3,16,2006,75,Wintering
3469,CLSW_AZ001,CLSW_AZ001_seq2,2,CLSW,AZ,"Imperial Dam, Mittry Lake Wildlife Area, Yuma, AZ",UWBM:101799,20240711Plate_3/8f,20240711,Plate_3,8f,2006-03-16,3,16,2006,75,Wintering
2392,CLSW_AZ002,CLSW_AZ002,1,CLSW,AZ,"Imperial Dam, Mittry Lake Wildlife Area, Yuma, AZ",UWBM:109344,20231102_Plate_2/3a,20231102,Plate_2,3a,2006-03-16,3,16,2006,75,Wintering
3470,CLSW_AZ002,CLSW_AZ002_seq2,2,CLSW,AZ,"Imperial Dam, Mittry Lake Wildlife Area, Yuma, AZ",UWBM:109344,20240711Plate_3/8g,20240711,Plate_3,8g,2006-03-16,3,16,2006,75,Wintering
2393,CLSW_AZ003,CLSW_AZ003,1,CLSW,AZ,"Imperial Dam, Mittry Lake Wildlife Area, Yuma, AZ",UWBM:109341,20231102_Plate_2/3b,20231102,Plate_2,3b,2006-03-16,3,16,2006,75,Wintering
3471,CLSW_AZ003,CLSW_AZ003_seq2,2,CLSW,AZ,"Imperial Dam, Mittry Lake Wildlife Area, Yuma, AZ",UWBM:109341,20240711Plate_3/8h,20240711,Plate_3,8h,2006-03-16,3,16,2006,75,Wintering
2394,CLSW_AZ004,CLSW_AZ004,1,CLSW,AZ,"Imperial Dam, Mittry Lake Wildlife Area, Yuma, AZ",UWBM:109343,20231102_Plate_2/3c,20231102,Plate_2,3c,2006-03-16,3,16,2006,75,Wintering
3472,CLSW_AZ004,CLSW_AZ004_seq2,2,CLSW,AZ,"Imperial Dam, Mittry Lake Wildlife Area, Yuma, AZ",UWBM:109343,20240711Plate_3/9a,20240711,Plate_3,9a,2006-03-16,3,16,2006,75,Wintering
2395,CLSW_AZ005,CLSW_AZ005,1,CLSW,AZ,"Imperial Dam, Mittry Lake Wildlife Area, Yuma, AZ",UWBM:109339,20231102_Plate_2/3d,20231102,Plate_2,3d,2006-03-15,3,15,2006,74,Wintering
3473,CLSW_AZ005,CLSW_AZ005_seq2,2,CLSW,AZ,"Imperial Dam, Mittry Lake Wildlife Area, Yuma, AZ",UWBM:109339,20240711Plate_3/9b,20240711,Plate_3,9b,2006-03-15,3,15,2006,74,Wintering
820,CLSW_BC_Smc_01,CLSW_BC_Smc_01,1,CLSW,BC,"Smart Creek, BC",163281,20210222_Plate_1/1a,20210222,Plate_1,1a,NA,NA,NA,NA,NA,Unknown
821,CLSW_BC_Smc_02,CLSW_BC_Smc_02,1,CLSW,BC,"Smart Creek, BC",163248,20210222_Plate_1/1b,20210222,Plate_1,1b,2016-06-11,6,11,2016,163,Breeding
822,CLSW_BC_Smc_03,CLSW_BC_Smc_03,1,CLSW,BC,"Smart Creek, BC",163255,20210222_Plate_1/1c,20210222,Plate_1,1c,2016-06-11,6,11,2016,163,Breeding
823,CLSW_BC_Smc_04,CLSW_BC_Smc_04,1,CLSW,BC,"Smart Creek, BC",163258,20210222_Plate_1/1d,20210222,Plate_1,1d,2016-06-11,6,11,2016,163,Breeding
824,CLSW_BC_Smc_05,CLSW_BC_Smc_05,1,CLSW,BC,"Smart Creek, BC",163267,20210222_Plate_1/1e,20210222,Plate_1,1e,2016-06-11,6,11,2016,163,Breeding
825,CLSW_BC_Smc_06,CLSW_BC_Smc_06,1,CLSW,BC,"Smart Creek, BC",163268,20210222_Plate_1/1f,20210222,Plate_1,1f,2016-06-11,6,11,2016,163,Breeding
826,CLSW_BC_Smc_07,CLSW_BC_Smc_07,1,CLSW,BC,"Smart Creek, BC",1561-31926,20210222_Plate_1/1g,20210222,Plate_1,1g,2016-06-22,6,22,2016,174,Breeding
827,CLSW_BC_Smc_08,CLSW_BC_Smc_08,1,CLSW,BC,"Smart Creek, BC",1561-31927,20210222_Plate_1/1h,20210222,Plate_1,1h,2016-06-22,6,22,2016,174,Breeding
828,CLSW_BC_Smc_09,CLSW_BC_Smc_09,1,CLSW,BC,"Smart Creek, BC",1561-31928,20210222_Plate_1/2a,20210222,Plate_1,2a,NA,NA,NA,NA,NA,Unknown
829,CLSW_BC_Smc_10,CLSW_BC_Smc_10,1,CLSW,BC,"Smart Creek, BC",1561-31929,20210222_Plate_1/2b,20210222,Plate_1,2b,2016-06-22,6,22,2016,174,Breeding
3489,CLSW_BC_Smc_11,CLSW_BC_Smc_11_seq2,1,CLSW,BC,"Smart Creek, BC",163261,20240711Plate_3/11b,20240711,Plate_3,11b,2016-06-11,6,11,2016,163,Breeding
3490,CLSW_BC_Smc_12,CLSW_BC_Smc_12_seq2,1,CLSW,BC,"Smart Creek, BC",163259,20240711Plate_3/11c,20240711,Plate_3,11c,2016-06-11,6,11,2016,163,Breeding
3491,CLSW_BC_Smc_13,CLSW_BC_Smc_13_seq2,1,CLSW,BC,"Smart Creek, BC",163265,20240711Plate_3/11d,20240711,Plate_3,11d,2016-06-11,6,11,2016,163,Breeding
2401,CLSW_CO001,CLSW_CO001,1,CLSW,CO,"Denver, Denver International Airport",DMNS:Bird:53057,20231102_Plate_2/4b,20231102,Plate_2,4b,2000-07-04,7,4,2000,186,Breeding
3479,CLSW_CO001,CLSW_CO001_seq2,2,CLSW,CO,"Denver, Denver International Airport, KR @D8",DMNS:Bird:53057,20240711Plate_3/9h,20240711,Plate_3,9h,2000-07-04,7,4,2000,186,Breeding
2402,CLSW_CO002,CLSW_CO002,1,CLSW,CO,"Denver, Denver International Airport",DMNS:Bird:53058,20231102_Plate_2/4c,20231102,Plate_2,4c,2018-07-06,7,6,2018,187,Breeding
3480,CLSW_CO002,CLSW_CO002_seq2,2,CLSW,CO,"Denver, Denver International Airport,16R@D9",DMNS:Bird:53058,20240711Plate_3/10a,20240711,Plate_3,10a,2018-07-06,7,6,2018,187,Breeding
2403,CLSW_CO003,CLSW_CO003,1,CLSW,CO,"Denver, Denver International Airport",DMNS:Bird:53059,20231102_Plate_2/4d,20231102,Plate_2,4d,2018-07-06,7,6,2018,187,Breeding
3481,CLSW_CO003,CLSW_CO003_seq2,2,CLSW,CO,"Denver, Denver International Airport,16L/34R@F8",DMNS:Bird:53059,20240711Plate_3/10b,20240711,Plate_3,10b,2018-07-06,7,6,2018,187,Breeding
2404,CLSW_CO004,CLSW_CO004,1,CLSW,CO,"Denver, Denver International Airport",DMNS:Bird:53060,20231102_Plate_2/4e,20231102,Plate_2,4e,2000-07-09,7,9,2000,191,Breeding
3482,CLSW_CO004,CLSW_CO004_seq2,2,CLSW,CO,"Denver, Denver International Airport, 16R@D3 East shoulder",DMNS:Bird:53060,20240711Plate_3/10c,20240711,Plate_3,10c,2000-07-09,7,9,2000,191,Breeding
2405,CLSW_CO005,CLSW_CO005,1,CLSW,CO,"Denver, Denver International Airport",DMNS:Bird:53061,20231102_Plate_2/4f,20231102,Plate_2,4f,2000-07-09,7,9,2000,191,Breeding
3483,CLSW_CO005,CLSW_CO005_seq2,2,CLSW,CO,"Denver, Denver International Airport, 16L@F10 East Shoulder",DMNS:Bird:53061,20240711Plate_3/10d,20240711,Plate_3,10d,2000-07-09,7,9,2000,191,Breeding
2406,CLSW_CO006,CLSW_CO006,1,CLSW,CO,"Denver, Denver International Airport",DMNS:Bird:53062,20231102_Plate_2/4g,20231102,Plate_2,4g,2018-07-15,7,15,2018,196,Breeding
3484,CLSW_CO006,CLSW_CO006_seq2,2,CLSW,CO,"Denver, Denver International Airport,16R/34L@WD",DMNS:Bird:53062,20240711Plate_3/10e,20240711,Plate_3,10e,2018-07-15,7,15,2018,196,Breeding
2407,CLSW_CO007,CLSW_CO007,1,CLSW,CO,"Denver, Denver International Airport",DMNS:Bird:53063,20231102_Plate_2/4h,20231102,Plate_2,4h,2017-07-01,7,1,2017,182,Breeding
3485,CLSW_CO007,CLSW_CO007_seq2,2,CLSW,CO,"Denver, Denver International Airport,34R@F3",DMNS:Bird:53063,20240711Plate_3/10f,20240711,Plate_3,10f,2017-07-01,7,1,2017,182,Breeding
2408,CLSW_CO008,CLSW_CO008,1,CLSW,CO,"Denver, Denver International Airport",DMNS:Bird:53064,20231102_Plate_2/5a,20231102,Plate_2,5a,2018-07-17,7,17,2018,198,Breeding
3486,CLSW_CO008,CLSW_CO008_seq2,2,CLSW,CO,"Denver, Denver International Airport",DMNS:Bird:53064,20240711Plate_3/10g,20240711,Plate_3,10g,2018-07-17,7,17,2018,198,Breeding
2409,CLSW_CO009,CLSW_CO009,1,CLSW,CO,"Denver, Denver International Airport",DMNS:Bird:53065,20231102_Plate_2/5b,20231102,Plate_2,5b,2018-07-25,7,25,2018,206,Breeding
3487,CLSW_CO009,CLSW_CO009_seq2,2,CLSW,CO,"Denver, Denver International Airport",DMNS:Bird:53065,20240711Plate_3/10h,20240711,Plate_3,10h,2018-07-25,7,25,2018,206,Breeding
2410,CLSW_CO010,CLSW_CO010,1,CLSW,CO,"Denver, Denver International Airport",DMNS:Bird:53066,20231102_Plate_2/5c,20231102,Plate_2,5c,2018-07-26,7,26,2018,207,Breeding
3488,CLSW_CO010,CLSW_CO010_seq2,2,CLSW,CO,"Denver, Denver International Airport",DMNS:Bird:53066,20240711Plate_3/11a,20240711,Plate_3,11a,2018-07-26,7,26,2018,207,Breeding
2486,CLSW_MB009,CLSW_MB009,1,CLSW,MB,"Delta Marsh Bird Observatory (DMBO), MB",15011,20231102_Plate3/2g,20231102,Plate_3,2g,NA,NA,NA,NA,NA,Unknown
2487,CLSW_MB010,CLSW_MB010,1,CLSW,MB,"Delta Marsh Bird Observatory (DMBO), MB",15012,20231102_Plate3/2h,20231102,Plate_3,2h,NA,NA,NA,NA,NA,Unknown
2488,CLSW_MB011,CLSW_MB011,1,CLSW,MB,"Delta Marsh Bird Observatory (DMBO), MB",15013,20231102_Plate3/3a,20231102,Plate_3,3a,NA,NA,NA,NA,NA,Unknown
2489,CLSW_MB012,CLSW_MB012,1,CLSW,MB,"Delta Marsh Bird Observatory (DMBO), MB",15014,20231102_Plate3/3b,20231102,Plate_3,3b,NA,NA,NA,NA,NA,Unknown
2490,CLSW_MB013,CLSW_MB013,1,CLSW,MB,"Delta Marsh Bird Observatory (DMBO), MB",15015,20231102_Plate3/3c,20231102,Plate_3,3c,NA,NA,NA,NA,NA,Unknown
2491,CLSW_MB014,CLSW_MB014,1,CLSW,MB,"Delta Marsh Bird Observatory (DMBO), MB",15016,20231102_Plate3/3d,20231102,Plate_3,3d,NA,NA,NA,NA,NA,Unknown
2492,CLSW_MB015,CLSW_MB015,1,CLSW,MB,"Delta Marsh Bird Observatory (DMBO), MB",15017,20231102_Plate3/3e,20231102,Plate_3,3e,NA,NA,NA,NA,NA,Unknown
2493,CLSW_MB016,CLSW_MB016,1,CLSW,MB,"Delta Marsh Bird Observatory (DMBO), MB",15018,20231102_Plate3/3f,20231102,Plate_3,3f,NA,NA,NA,NA,NA,Unknown
3506,CLSW_MB017,CLSW_MB017_seq2,1,CLSW,MB,"Delta Marsh Bird Observatory (DMBO), MB",15009,20240711Plate_4/1c,20240711,Plate_4,1c,NA,NA,NA,NA,NA,Unknown
3507,CLSW_MB018,CLSW_MB018_seq2,1,CLSW,MB,"Delta Marsh Bird Observatory (DMBO), MB",15010,20240711Plate_4/1d,20240711,Plate_4,1d,NA,NA,NA,NA,NA,Unknown
3508,CLSW_MB019,CLSW_MB019_seq2,1,CLSW,MB,"Delta Marsh Bird Observatory (DMBO), MB",15019,20240711Plate_4/1e,20240711,Plate_4,1e,NA,NA,NA,NA,NA,Unknown
3509,CLSW_MB020,CLSW_MB020_seq2,1,CLSW,MB,"Delta Marsh Bird Observatory (DMBO), MB",15020,20240711Plate_4/1f,20240711,Plate_4,1f,NA,NA,NA,NA,NA,Unknown
3510,CLSW_MB021,CLSW_MB021_seq2,1,CLSW,MB,"Delta Marsh Bird Observatory (DMBO), MB",15022,20240711Plate_4/1g,20240711,Plate_4,1g,NA,NA,NA,NA,NA,Unknown
3511,CLSW_MB022,CLSW_MB022_seq2,1,CLSW,MB,"Delta Marsh Bird Observatory (DMBO), MB",15021,20240711Plate_4/1h,20240711,Plate_4,1h,NA,NA,NA,NA,NA,Unknown
2482,CLSW_MS007,CLSW_MS007,1,CLSW,MS,Mississippi,132028,20231102_Plate3/2c,20231102,Plate_3,2c,NA,NA,NA,NA,NA,Unknown
2483,CLSW_MS008,CLSW_MS008,1,CLSW,MS,Mississippi,132029,20231102_Plate3/2d,20231102,Plate_3,2d,NA,NA,NA,NA,NA,Unknown
2484,CLSW_MS009,CLSW_MS009,1,CLSW,MS,Mississippi,132030,20231102_Plate3/2e,20231102,Plate_3,2e,NA,NA,NA,NA,NA,Unknown
2485,CLSW_MS010,CLSW_MS010,1,CLSW,MS,Mississippi,132021,20231102_Plate3/2f,20231102,Plate_3,2f,NA,NA,NA,NA,NA,Unknown
3502,CLSW_MS011,CLSW_MS011_seq2,1,CLSW,MS,Mississippi,132015,20240711Plate_3/12g,20240711,Plate_3,12g,NA,NA,NA,NA,NA,Unknown
3503,CLSW_MS012,CLSW_MS012_seq2,1,CLSW,MS,Mississippi,132016,20240711Plate_3/12h,20240711,Plate_3,12h,NA,NA,NA,NA,NA,Unknown
3504,CLSW_MS013,CLSW_MS013_seq2,1,CLSW,MS,Mississippi,132017,20240711Plate_4/1a,20240711,Plate_4,1a,NA,NA,NA,NA,NA,Unknown
3505,CLSW_MS014,CLSW_MS014_seq2,1,CLSW,MS,Mississippi,132018,20240711Plate_4/1b,20240711,Plate_4,1b,NA,NA,NA,NA,NA,Unknown
2396,CLSW_MX001,CLSW_MX001,1,CLSW,MX,"Tehueco El Fuerte, Municipio El Fuerte, Sinaloa, Mexico",UWBM:82510,20231102_Plate_2/3e,20231102,Plate_2,3e,2006-08-06,8,6,2006,218,Migrating
3474,CLSW_MX001,CLSW_MX001_seq2,2,CLSW,MX,"Tehueco El Fuerte, Municipio El Fuerte, Sinaloa, Mexico",UWBM:82510,20240711Plate_3/9c,20240711,Plate_3,9c,2006-08-06,8,6,2006,218,Migrating
2397,CLSW_MX002,CLSW_MX002,1,CLSW,MX,"Tehueco El Fuerte, Municipio El Fuerte, Sinaloa, Mexico",UWBM:82511,20231102_Plate_2/3f,20231102,Plate_2,3f,2006-08-06,8,6,2006,218,Migrating
3475,CLSW_MX002,CLSW_MX002_seq2,2,CLSW,MX,"Tehueco El Fuerte, Municipio El Fuerte, Sinaloa, Mexico",UWBM:82511,20240711Plate_3/9d,20240711,Plate_3,9d,2006-08-06,8,6,2006,218,Migrating
2398,CLSW_MX003,CLSW_MX003,1,CLSW,MX,"Puente Dren Carrenza on route 15 El Carrizo, Municipio Ahome, Sinaloa, Mexico",UWBM:90855,20231102_Plate_2/3g,20231102,Plate_2,3g,2011-06-09,6,9,2011,160,Breeding
3476,CLSW_MX003,CLSW_MX003_seq2,2,CLSW,MX,"Puente Dren Carrenza on route 15 El Carrizo, Municipio Ahome, Sinaloa, Mexico",UWBM:90855,20240711Plate_3/9e,20240711,Plate_3,9e,2011-06-09,6,9,2011,160,Breeding
2399,CLSW_MX004,CLSW_MX004,1,CLSW,MX,"Puente Dren Carrenza on route 15 El Carrizo, Municipio Ahome, Sinaloa, Mexico",UWBM:90751,20231102_Plate_2/3h,20231102,Plate_2,3h,2011-06-09,6,9,2011,160,Breeding
3477,CLSW_MX004,CLSW_MX004_seq2,2,CLSW,MX,"Puente Dren Carrenza on route 15 El Carrizo, Municipio Ahome, Sinaloa, Mexico",UWBM:90751,20240711Plate_3/9f,20240711,Plate_3,9f,2011-06-09,6,9,2011,160,Breeding
2400,CLSW_MX005,CLSW_MX005,1,CLSW,MX,"Sinaloa, Mexico",UWBM:90752,20231102_Plate_2/4a,20231102,Plate_2,4a,2011-06-09,6,9,2011,160,Breeding
3478,CLSW_MX005,CLSW_MX005_seq2,2,CLSW,MX,"Sinaloa, Mexico",UWBM:90752,20240711Plate_3/9g,20240711,Plate_3,9g,2011-06-09,6,9,2011,160,Breeding
2374,CLSW_NBC001,CLSW_NBC001,1,CLSW,NBC,"Ingenika, BC",RBC Cat No:16978,20231102_Plate_1/12g,20231102,Plate_1,12g,1980-07-27,7,27,1980,209,Breeding
3458,CLSW_NBC001,CLSW_NBC001_seq2,2,CLSW,NBC,"Ingenika, BC",RBC Cat No:16978,20240711Plate_3/7c,20240711,Plate_3,7c,1980-07-27,7,27,1980,209,Breeding
2375,CLSW_NBC002,CLSW_NBC002,1,CLSW,NBC,"Ingenika, BC",RBC Cat No:17015,20231102_Plate_1/12h,20231102,Plate_1,12h,1980-07-24,7,24,1980,206,Breeding
3459,CLSW_NBC002,CLSW_NBC002_seq2,2,CLSW,NBC,"Ingenika, BC",RBC Cat No:17015,20240711Plate_3/7d,20240711,Plate_3,7d,1980-07-24,7,24,1980,206,Breeding
2376,CLSW_NBC003,CLSW_NBC003,1,CLSW,NBC,"Ingenika, BC",RBC Cat No:17016,20231102_Plate_2/1a,20231102,Plate_2,1a,1980-07-24,7,24,1980,206,Breeding
3460,CLSW_NBC003,CLSW_NBC003_seq2,2,CLSW,NBC,"Ingenika, BC",RBC Cat No:17016,20240711Plate_3/7e,20240711,Plate_3,7e,1980-07-24,7,24,1980,206,Breeding
2377,CLSW_NBC004,CLSW_NBC004,1,CLSW,NBC,"Ingenika, BC",RBC Cat No:17017,20231102_Plate_2/1b,20231102,Plate_2,1b,1980-07-24,7,24,1980,206,Breeding
3461,CLSW_NBC004,CLSW_NBC004_seq2,2,CLSW,NBC,"Ingenika, BC",RBC Cat No:17017,20240711Plate_3/7f,20240711,Plate_3,7f,1980-07-24,7,24,1980,206,Breeding
2471,CLSW_ON007,CLSW_ON007,1,CLSW,ON,Ontario,2221-99315,20231102_Plate_2/12h,20231102,Plate_2,12h,2009-06-24,6,24,2009,175,Breeding
2472,CLSW_ON008,CLSW_ON008,1,CLSW,ON,Ontario,2221-99323,20231102_Plate3/1a,20231102,Plate_3,1a,NA,NA,NA,NA,NA,Unknown
2473,CLSW_ON009,CLSW_ON009,1,CLSW,ON,Ontario,2221-99325,20231102_Plate3/1b,20231102,Plate_3,1b,NA,NA,NA,NA,NA,Unknown
2474,CLSW_ON010,CLSW_ON010,1,CLSW,ON,Ontario,2221-99340,20231102_Plate3/1c,20231102,Plate_3,1c,NA,NA,NA,NA,NA,Unknown
2475,CLSW_ON011,CLSW_ON011,1,CLSW,ON,Ontario,2221-99447,20231102_Plate3/1d,20231102,Plate_3,1d,NA,NA,NA,NA,NA,Unknown
2476,CLSW_ON012,CLSW_ON012,1,CLSW,ON,Ontario,2221-99449,20231102_Plate3/1e,20231102,Plate_3,1e,NA,NA,NA,NA,NA,Unknown
2477,CLSW_ON013,CLSW_ON013,1,CLSW,ON,Ontario,2221-28323,20231102_Plate3/1f,20231102,Plate_3,1f,2009-06-24,6,24,2009,175,Breeding
3495,CLSW_ON014,CLSW_ON014_seq2,1,CLSW,ON,Ontario,2221-99481,20240711Plate_3/11h,20240711,Plate_3,11h,NA,NA,NA,NA,NA,Unknown
3496,CLSW_ON015,CLSW_ON015_seq2,1,CLSW,ON,Ontario,2221-99482,20240711Plate_3/12a,20240711,Plate_3,12a,NA,NA,NA,NA,NA,Unknown
3497,CLSW_ON016,CLSW_ON016_seq2,1,CLSW,ON,Ontario,2221-99483,20240711Plate_3/12b,20240711,Plate_3,12b,NA,NA,NA,NA,NA,Unknown
3498,CLSW_ON017,CLSW_ON017_seq2,1,CLSW,ON,Ontario,2211-99486,20240711Plate_3/12c,20240711,Plate_3,12c,NA,NA,NA,NA,NA,Unknown
3499,CLSW_ON018,CLSW_ON018_seq2,1,CLSW,ON,Ontario,2221-99487,20240711Plate_3/12d,20240711,Plate_3,12d,NA,NA,NA,NA,NA,Unknown
3500,CLSW_ON019,CLSW_ON019_seq2,1,CLSW,ON,Ontario,2221-99506,20240711Plate_3/12e,20240711,Plate_3,12e,NA,NA,NA,NA,NA,Unknown
3501,CLSW_ON020,CLSW_ON020_seq2,1,CLSW,ON,Ontario,2221-99712,20240711Plate_3/12f,20240711,Plate_3,12f,NA,NA,NA,NA,NA,Unknown
2378,CLSW_SK002,CLSW_SK002,1,CLSW,SK,Saskatoon Area,1561-25398,20231102_Plate_2/1c,20231102,Plate_2,1c,2010-07-01,7,1,2010,182,Breeding
3462,CLSW_SK002,CLSW_SK002_seq2,2,CLSW,SK,"Saskatoon, SK",1561-25398,20240711Plate_3/7g,20240711,Plate_3,7g,2010-07-01,7,1,2010,182,Breeding
2379,CLSW_SK003,CLSW_SK003,1,CLSW,SK,Saskatoon Area,1561-25398,20231102_Plate_2/1d,20231102,Plate_2,1d,2010-07-01,7,1,2010,182,Breeding
3463,CLSW_SK003,CLSW_SK003_seq2,2,CLSW,SK,"Saskatoon, SK",1561-25398,20240711Plate_3/7h,20240711,Plate_3,7h,2010-07-01,7,1,2010,182,Breeding
2380,CLSW_SK004,CLSW_SK004,1,CLSW,SK,Saskatoon Area,1561-31989,20231102_Plate_2/1e,20231102,Plate_2,1e,2010-07-01,7,1,2010,182,Breeding
3464,CLSW_SK004,CLSW_SK004_seq2,2,CLSW,SK,"Saskatoon, SK",1561-31989,20240711Plate_3/8a,20240711,Plate_3,8a,2010-07-01,7,1,2010,182,Breeding
2381,CLSW_SK005,CLSW_SK005,1,CLSW,SK,Saskatoon Area,1561-25370,20231102_Plate_2/1f,20231102,Plate_2,1f,2010-07-01,7,1,2010,182,Breeding
3465,CLSW_SK005,CLSW_SK005_seq2,2,CLSW,SK,"Saskatoon, SK",1561-25370,20240711Plate_3/8b,20240711,Plate_3,8b,2010-07-01,7,1,2010,182,Breeding
830,CLSW_SK_Bls_01,CLSW_SK_Bls_01,1,CLSW,SK,"Blackstrap, SK",1561-25120,20210222_Plate_1/2c,20210222,Plate_1,2c,2017-07-04,7,4,2017,185,Breeding
831,CLSW_SK_Bls_02,CLSW_SK_Bls_02,1,CLSW,SK,"Blackstrap, SK",1561-25121,20210222_Plate_1/2d,20210222,Plate_1,2d,2017-07-04,7,4,2017,185,Breeding
832,CLSW_SK_Bls_03,CLSW_SK_Bls_03,1,CLSW,SK,"Blackstrap, SK",1561-25122,20210222_Plate_1/2e,20210222,Plate_1,2e,2017-07-05,7,5,2017,186,Breeding
833,CLSW_SK_Bls_04,CLSW_SK_Bls_04,1,CLSW,SK,"Blackstrap, SK",1561-25123,20210222_Plate_1/2f,20210222,Plate_1,2f,2017-07-05,7,5,2017,186,Breeding
834,CLSW_SK_Bls_05,CLSW_SK_Bls_05,1,CLSW,SK,"Blackstrap, SK",1561-25124,20210222_Plate_1/2g,20210222,Plate_1,2g,2017-07-05,7,5,2017,186,Breeding
835,CLSW_SK_Bls_06,CLSW_SK_Bls_06,1,CLSW,SK,"Blackstrap, SK",1561-25125,20210222_Plate_1/2h,20210222,Plate_1,2h,2017-07-05,7,5,2017,186,Breeding
3492,CLSW_SK_Bls_07,CLSW_SK_Bls_07_seq2,1,CLSW,SK,"Blackstrap, SK",1561-25326,20240711Plate_3/11e,20240711,Plate_3,11e,2017-07-14,7,14,2017,195,Breeding
3493,CLSW_SK_Bls_08,CLSW_SK_Bls_08_seq2,1,CLSW,SK,"Blackstrap, SK",1561-25127,20240711Plate_3/11f,20240711,Plate_3,11f,2017-07-05,7,5,2017,186,Breeding
836,CLSW_SK_Ind_01,CLSW_SK_Ind_01,1,CLSW,SK,"Indi Lk, SK",1561-25198,20210222_Plate_1/3a,20210222,Plate_1,3a,2017-07-06,7,6,2017,187,Breeding
837,CLSW_SK_Ind_02,CLSW_SK_Ind_02,1,CLSW,SK,"Indi Lk, SK",1561-25149,20210222_Plate_1/3b,20210222,Plate_1,3b,2017-07-06,7,6,2017,187,Breeding
838,CLSW_SK_Ind_03,CLSW_SK_Ind_03,1,CLSW,SK,"Indi Lk, SK",1561-25150,20210222_Plate_1/3c,20210222,Plate_1,3c,2017-07-06,7,6,2017,187,Breeding
3456,CLSW_SK_Ind_03,CLSW_SK_Ind_03_seq2,2,CLSW,SK,"Indi Lk, SK",1561-25150,20240711Plate_3/7a,20240711,Plate_3,7a,2017-07-06,7,6,2017,187,Breeding
839,CLSW_SK_Ind_04,CLSW_SK_Ind_04,1,CLSW,SK,"Indi Lk, SK",1561-25151,20210222_Plate_1/3d,20210222,Plate_1,3d,2017-07-06,7,6,2017,187,Breeding
3457,CLSW_SK_Ind_04,CLSW_SK_Ind_04_seq2,2,CLSW,SK,"Indi Lk, SK",1561-25151,20240711Plate_3/7b,20240711,Plate_3,7b,2017-07-06,7,6,2017,187,Breeding
840,CLSW_SK_Ind_05,CLSW_SK_Ind_05,1,CLSW,SK,"Indi Lk, SK",1561-25152,20210222_Plate_1/3e,20210222,Plate_1,3e,2017-07-06,7,6,2017,187,Breeding
841,CLSW_SK_Ind_06,CLSW_SK_Ind_06,1,CLSW,SK,"Indi Lk, SK",2161-30227,20210222_Plate_1/3f,20210222,Plate_1,3f,2017-06-13,6,13,2017,164,Breeding
3494,CLSW_SK_Ind_07,CLSW_SK_Ind_07_seq2,1,CLSW,SK,"Indi Lk, SK",2161-30230,20240711Plate_3/11g,20240711,Plate_3,11g,2017-06-13,6,13,2017,164,Breeding
2478,CLSW_TX007,CLSW_TX007,1,CLSW,TX,sUS Coorindates are for Texas centroid,clsw-07,20231102_Plate3/1g,20231102,Plate_3,1g,NA,NA,NA,NA,NA,Unknown
2479,CLSW_TX008,CLSW_TX008,1,CLSW,TX,sUS Coorindates are for Texas centroid,clsw-08,20231102_Plate3/1h,20231102,Plate_3,1h,NA,NA,NA,NA,NA,Unknown
2480,CLSW_TX009,CLSW_TX009,1,CLSW,TX,sUS Coorindates are for Texas centroid,clsw-09,20231102_Plate3/2a,20231102,Plate_3,2a,NA,NA,NA,NA,NA,Unknown
2481,CLSW_TX010,CLSW_TX010,1,CLSW,TX,sUS Coorindates are for Texas centroid,clsw-10,20231102_Plate3/2b,20231102,Plate_3,2b,NA,NA,NA,NA,NA,Unknown
2382,CLSW_VI_003,CLSW_VI_003,1,CLSW,VI,"Haines Road, BC",RBC Cat No:16911,20231102_Plate_2/1g,20231102,Plate_2,1g,1980-07-05,7,5,1980,187,Breeding
3466,CLSW_VI_003,CLSW_VI_003_seq2,2,CLSW,VI,"Haines Road, BC",RBC Cat No:16911,20240711Plate_3/8c,20240711,Plate_3,8c,1980-07-05,7,5,1980,187,Breeding
2383,CLSW_WA001,CLSW_WA001,1,CLSW,WA,"Soda Lake Wilson Creek, Grant, WA",UWBM:124867,20231102_Plate_2/1h,20231102,Plate_2,1h,2018-06-11,6,11,2018,162,Breeding
3467,CLSW_WA001,CLSW_WA001_seq2,2,CLSW,WA,"Soda Lake Wilson Creek, Grant, WA",UWBM:124867,20240711Plate_3/8d,20240711,Plate_3,8d,2018-06-11,6,11,2018,162,Breeding
2385,CLSW_WA002,CLSW_WA002,1,CLSW,WA,"Electric City, Douglas, WA",UWBM:60585,20231102_Plate_2/2b,20231102,Plate_2,2b,1993-03-30,3,30,1993,89,Wintering
2386,CLSW_WA003,CLSW_WA003,1,CLSW,WA,"Soda Lake Wilson Creek, Grant, WA",UWBM:95281,20231102_Plate_2/2c,20231102,Plate_2,2c,2018-06-11,6,11,2018,162,Breeding
3512,CLSW_WA003,CLSW_WA003_seq2,2,CLSW,WA,"Soda Lake Wilson Creek, Grant, WA",UWBM:95281,20240711Plate_4/2a,20240711,Plate_4,2a,2018-06-11,6,11,2018,162,Breeding
2387,CLSW_WA004,CLSW_WA004,1,CLSW,WA,"Seatac Airport, runway 16C SeaTac, King, WA",UWBM:88869,20231102_Plate_2/2d,20231102,Plate_2,2d,2008-07-18,7,18,2008,200,Breeding
2388,CLSW_WA005,CLSW_WA005,1,CLSW,WA,"Cultus Bay Nursery Clinton, Island, WA",UWBM:123719,20231102_Plate_2/2e,20231102,Plate_2,2e,2014-06-10,6,10,2014,161,Breeding
2389,CLSW_WA006,CLSW_WA006,1,CLSW,WA,"Cape Disappointment State Park, Pacific, WA",UWBM:119662,20231102_Plate_2/2f,20231102,Plate_2,2f,2012-06-07,6,7,2012,159,Breeding
2390,CLSW_WA007,CLSW_WA007,1,CLSW,WA,"Mountain Vista Road Othello, Franklin, WA",UWBM:74142,20231102_Plate_2/2g,20231102,Plate_2,2g,1998-06-20,6,20,1998,171,Breeding
2384,CLSW_WA008,CLSW_WA008,1,CLSW,WA,"SeaTac Airport SeaTac, King, WA",UWBM:122263,20231102_Plate_2/2a,20231102,Plate_2,2a,2011-05-06,5,6,2011,126,Migrating
3468,CLSW_WA008,CLSW_WA008_seq2,2,CLSW,WA,"SeaTac Airport SeaTac, King, WA",UWBM:122263,20240711Plate_3/8e,20240711,Plate_3,8e,2011-05-06,5,6,2011,126,Migrating
2367,PUMA_NC_001,PUMA_NC_001,1,PUMA,NC,"William B Umstead Bridge, Hwy 64/264, Dare, NC",UWBM:85533,20231102_Plate_1/11h,20231102,Plate_1,11h,2001-08-03,8,3,2001,215,Migrating
2368,PUMA_NC_002,PUMA_NC_002,1,PUMA,NC,"William B. Umstead Bridge Hwy 64/264 Manteo, Dare, NC",UWBM:86781,20231102_Plate_1/12a,20231102,Plate_1,12a,NA,NA,NA,NA,NA,Unknown
3593,PUMA_NC_002,PUMA_NC_002_seq2,2,PUMA,NC,"Indi Lk, SK",UWBM:86781,20240711Plate_4/12b,20240711,Plate_4,12b,NA,NA,NA,NA,NA,Unknown
2369,PUMA_NC_003,PUMA_NC_003,1,PUMA,NC,"William B. Umstead Bridge Hwy 64/264 Manteo, Dare, NC",UWBM:86782,20231102_Plate_1/12b,20231102,Plate_1,12b,2001-08-03,8,3,2001,215,Migrating
3581,PUMA_NC_003,PUMA_NC_003_seq2,2,PUMA,NC,"William B. Umstead Bridge Hwy 64/264 Manteo, Dare, NC",UWBM:86782,20240711Plate_4/10f,20240711,Plate_4,10f,2001-08-03,8,3,2001,215,Migrating
2370,PUMA_NC_004,PUMA_NC_004,1,PUMA,NC,"William B Umstead Bridge, Hwy 64/264 Manteo, Dare, NC",UWBM:86688,20231102_Plate_1/12c,20231102,Plate_1,12c,2001-08-03,8,3,2001,215,Migrating
3582,PUMA_NC_004,PUMA_NC_004_seq2,2,PUMA,NC,"William B Umstead Bridge, Hwy 64/264 Manteo, Dare, NC",UWBM:86688,20240711Plate_4/10g,20240711,Plate_4,10g,2001-08-03,8,3,2001,215,Migrating
2371,PUMA_NV_001,PUMA_NV_001,1,PUMA,NV,"Cabin Canyon, upper end of canyon Mesquite, Clark, NV",UWBM:116474,20231102_Plate_1/12d,20231102,Plate_1,12d,2012-05-27,5,27,2012,148,Migrating
3583,PUMA_NV_001,PUMA_NV_001_seq2,2,PUMA,NV,"Cabin Canyon, upper end of canyon Mesquite, Clark, NV",UWBM:116474,20240711Plate_4/10h,20240711,Plate_4,10h,2012-05-27,5,27,2012,148,Migrating
2372,PUMA_NV_002,PUMA_NV_002,1,PUMA,NV,"Cabin Canyon, upper end of canyon Mesquite, Clark, NV",UWBM:116475,20231102_Plate_1/12e,20231102,Plate_1,12e,2012-05-27,5,27,2012,148,Migrating
3584,PUMA_NV_002,PUMA_NV_002_seq2,2,PUMA,NV,"Cabin Canyon, upper end of canyon Mesquite, Clark, NV",UWBM:116475,20240711Plate_4/11a,20240711,Plate_4,11a,2012-05-27,5,27,2012,148,Migrating
2373,PUMA_NV_003,PUMA_NV_003,1,PUMA,NV,"Cabin Canyon, upper end of canyon Mesquite, Clark, NV",UWBM:116476,20231102_Plate_1/12f,20231102,Plate_1,12f,2012-05-27,5,27,2012,148,Migrating
3585,PUMA_NV_003,PUMA_NV_003_seq2,2,PUMA,NV,"Cabin Canyon, upper end of canyon Mesquite, Clark, NV",UWBM:116476,20240711Plate_4/11b,20240711,Plate_4,11b,2012-05-27,5,27,2012,148,Migrating
2349,PUMA_PI_BC001,PUMA_PI_BC001,1,PUMA,PI_BC,"Pender Island, BC",PW01,20231102_Plate_1/9f,20231102,Plate_1,9f,NA,NA,NA,NA,NA,Unknown
2350,PUMA_PI_BC002,PUMA_PI_BC002,1,PUMA,PI_BC,"Pender Island, BC",PW02,20231102_Plate_1/9g,20231102,Plate_1,9g,NA,NA,NA,NA,NA,Unknown
2351,PUMA_PI_BC003,PUMA_PI_BC003,1,PUMA,PI_BC,"Pender Island, BC",PW03,20231102_Plate_1/9h,20231102,Plate_1,9h,NA,NA,NA,NA,NA,Unknown
2352,PUMA_PI_BC004,PUMA_PI_BC004,1,PUMA,PI_BC,"Pender Island, BC",PW04,20231102_Plate_1/10a,20231102,Plate_1,10a,NA,NA,NA,NA,NA,Unknown
2353,PUMA_PI_BC005,PUMA_PI_BC005,1,PUMA,PI_BC,"Pender Island, BC",PW05,20231102_Plate_1/10b,20231102,Plate_1,10b,NA,NA,NA,NA,NA,Unknown
2354,PUMA_PI_BC006,PUMA_PI_BC006,1,PUMA,PI_BC,"Pender Island, BC",PW06,20231102_Plate_1/10c,20231102,Plate_1,10c,NA,NA,NA,NA,NA,Unknown
2355,PUMA_PI_BC007,PUMA_PI_BC007,1,PUMA,PI_BC,"Pender Island, BC",PW07,20231102_Plate_1/10d,20231102,Plate_1,10d,NA,NA,NA,NA,NA,Unknown
2356,PUMA_PI_BC008,PUMA_PI_BC008,1,PUMA,PI_BC,"Pender Island, BC",OB39,20231102_Plate_1/10e,20231102,Plate_1,10e,NA,NA,NA,NA,NA,Unknown
2347,PUMA_SBC001,PUMA_SBC001,1,PUMA,SBC,"YVR, Lower Mainland, BC",PUMA_UBC001,20231102_Plate_1/9d,20231102,Plate_1,9d,2018-06-03,6,3,2018,154,Breeding
3578,PUMA_SBC001,PUMA_SBC001_seq2,2,PUMA,SBC,"YVR, Lower Mainland, BC",PUMA_UBC001,20240711Plate_4/10c,20240711,Plate_4,10c,2018-06-03,6,3,2018,154,Breeding
2345,PUMA_SBC011,PUMA_SBC011,1,PUMA,SBC,"Vancouver/SBC, BC",RBC Cat No:7186,20231102_Plate_1/9b,20231102,Plate_1,9b,1930-08-26,8,26,1930,238,Migrating
3576,PUMA_SBC011,PUMA_SBC011_seq2,2,PUMA,SBC,"Vancouver/SBC, BC",RBC Cat No:7186,20240711Plate_4/10a,20240711,Plate_4,10a,1930-08-26,8,26,1930,238,Migrating
2346,PUMA_SBC012,PUMA_SBC012,1,PUMA,SBC,"Vancouver/SBC, BC",RBC Cat No:7187,20231102_Plate_1/9c,20231102,Plate_1,9c,1930-08-26,8,26,1930,238,Migrating
3577,PUMA_SBC012,PUMA_SBC012_seq2,2,PUMA,SBC,"Vancouver/SBC, BC",RBC Cat No:7187,20240711Plate_4/10b,20240711,Plate_4,10b,1930-08-26,8,26,1930,238,Migrating
2359,PUMA_SK001,PUMA_SK001,1,PUMA,SK,SK,8041-64136/PH26,20231102_Plate_1/10h,20231102,Plate_1,10h,NA,NA,NA,NA,NA,Breeding
3592,PUMA_SK001,PUMA_SK001_seq2,2,PUMA,SK,"Indi Lk, SK",8041-64136/PH26,20240711Plate_4/12a,20240711,Plate_4,12a,NA,NA,NA,NA,NA,Breeding
2360,PUMA_SK002,PUMA_SK002,1,PUMA,SK,SK,8051-77178/P12,20231102_Plate_1/11a,20231102,Plate_1,11a,NA,NA,NA,NA,NA,Breeding
3579,PUMA_SK002,PUMA_SK002_seq2,2,PUMA,SK,SK,8051-77178/P12,20240711Plate_4/10d,20240711,Plate_4,10d,NA,NA,NA,NA,NA,Breeding
990,PUMA_SK_xxx_01,PUMA_SK_xxx_01,1,PUMA,SK,SK,8041-64136,20210222_Plate_2/10c,20210222,Plate_2,10c,NA,NA,NA,NA,NA,Breeding
991,PUMA_SK_xxx_02,PUMA_SK_xxx_02,1,PUMA,SK,SK,8051-77178,20210222_Plate_2/10d,20210222,Plate_2,10d,NA,NA,NA,NA,NA,Breeding
992,PUMA_SK_xxx_03,PUMA_SK_xxx_03,1,PUMA,SK,SK,8051-77167,20210222_Plate_2/10e,20210222,Plate_2,10e,NA,NA,NA,NA,NA,Breeding
993,PUMA_SK_xxx_04,PUMA_SK_xxx_04,1,PUMA,SK,SK,8041-64148,20210222_Plate_2/10f,20210222,Plate_2,10f,NA,NA,NA,NA,NA,Breeding
994,PUMA_SK_xxx_05,PUMA_SK_xxx_05,1,PUMA,SK,SK,8051-77299,20210222_Plate_2/10g,20210222,Plate_2,10g,NA,NA,NA,NA,NA,Breeding
995,PUMA_SK_xxx_06,PUMA_SK_xxx_06,1,PUMA,SK,SK,8041-64148,20210222_Plate_2/10h,20210222,Plate_2,10h,NA,NA,NA,NA,NA,Breeding
996,PUMA_SK_xxx_07,PUMA_SK_xxx_07,1,PUMA,SK,SK,8051-77183,20210222_Plate_2/11a,20210222,Plate_2,11a,NA,NA,NA,NA,NA,Breeding
997,PUMA_SK_xxx_08,PUMA_SK_xxx_08,1,PUMA,SK,SK,8041-64104,20210222_Plate_2/11b,20210222,Plate_2,11b,NA,NA,NA,NA,NA,Breeding
3574,PUMA_SK_xxx_08,PUMA_SK_xxx_08_seq2,2,PUMA,SK,SK,8041-64104,20240711Plate_4/9g,20240711,Plate_4,9g,NA,NA,NA,NA,NA,Breeding
998,PUMA_SK_xxx_09,PUMA_SK_xxx_09,1,PUMA,SK,SK,8051-77173,20210222_Plate_2/11c,20210222,Plate_2,11c,NA,NA,NA,NA,NA,Breeding
999,PUMA_SK_xxx_10,PUMA_SK_xxx_10,1,PUMA,SK,SK,8051-77172,20210222_Plate_2/11d,20210222,Plate_2,11d,NA,NA,NA,NA,NA,Breeding
3575,PUMA_SK_xxx_10,PUMA_SK_xxx_10_seq2,2,PUMA,SK,SK,8051-77172,20240711Plate_4/9h,20240711,Plate_4,9h,NA,NA,NA,NA,NA,Breeding
1000,PUMA_SK_xxx_11,PUMA_SK_xxx_11,1,PUMA,SK,SK,8051-77190,20210222_Plate_2/11e,20210222,Plate_2,11e,NA,NA,NA,NA,NA,Breeding
1001,PUMA_SK_xxx_12,PUMA_SK_xxx_12,1,PUMA,SK,SK,8051-77296,20210222_Plate_2/11f,20210222,Plate_2,11f,NA,NA,NA,NA,NA,Breeding
2357,PUMA_SWON_001,PUMA_SWON_001,1,PUMA,SWON,SWON,39/PUMA 13,20231102_Plate_1/10f,20231102,Plate_1,10f,NA,NA,NA,NA,NA,Unknown
2358,PUMA_SWON_002,PUMA_SWON_002,1,PUMA,SWON,SWON,40/PUMA 14,20231102_Plate_1/10g,20231102,Plate_1,10g,NA,NA,NA,NA,NA,Unknown
3591,PUMA_SWON_002,PUMA_SWON_002_seq2,2,PUMA,SWON,SWON,40/PUMA 14,20240711Plate_4/11h,20240711,Plate_4,11h,NA,NA,NA,NA,NA,Unknown
1002,PUMA_SWON_xxx_01,PUMA_SWON_xxx_01,1,PUMA,SWON,SWON,141,20210222_Plate_2/11g,20210222,Plate_2,11g,NA,NA,NA,NA,NA,Unknown
1003,PUMA_SWON_xxx_02,PUMA_SWON_xxx_02,1,PUMA,SWON,SWON,143,20210222_Plate_2/11h,20210222,Plate_2,11h,NA,NA,NA,NA,NA,Unknown
1004,PUMA_SWON_xxx_03,PUMA_SWON_xxx_03,1,PUMA,SWON,SWON,146,20210222_Plate_2/12a,20210222,Plate_2,12a,NA,NA,NA,NA,NA,Unknown
1005,PUMA_SWON_xxx_04,PUMA_SWON_xxx_04,1,PUMA,SWON,SWON,147,20210222_Plate_2/12b,20210222,Plate_2,12b,NA,NA,NA,NA,NA,Unknown
1006,PUMA_SWON_xxx_05,PUMA_SWON_xxx_05,1,PUMA,SWON,SWON,149,20210222_Plate_2/12c,20210222,Plate_2,12c,NA,NA,NA,NA,NA,Unknown
1007,PUMA_SWON_xxx_06,PUMA_SWON_xxx_06,1,PUMA,SWON,SWON,151,20210222_Plate_2/12d,20210222,Plate_2,12d,NA,NA,NA,NA,NA,Unknown
1008,PUMA_SWON_xxx_07,PUMA_SWON_xxx_07,1,PUMA,SWON,SWON,152,20210222_Plate_2/12e,20210222,Plate_2,12e,NA,NA,NA,NA,NA,Unknown
1009,PUMA_SWON_xxx_08,PUMA_SWON_xxx_08,1,PUMA,SWON,SWON,153,20210222_Plate_2/12f,20210222,Plate_2,12f,NA,NA,NA,NA,NA,Unknown
1010,PUMA_SWON_xxx_09,PUMA_SWON_xxx_09,1,PUMA,SWON,SWON,154,20210222_Plate_2/12g,20210222,Plate_2,12g,NA,NA,NA,NA,NA,Unknown
1011,PUMA_SWON_xxx_10,PUMA_SWON_xxx_10,1,PUMA,SWON,SWON,155,20210222_Plate_2/12h,20210222,Plate_2,12h,NA,NA,NA,NA,NA,Unknown
2348,PUMA_VI_BC009,PUMA_VI_BC009,1,PUMA,VI,"Vancouver Island, Mayne Island, BC",PUMA_UBC002,20231102_Plate_1/9e,20231102,Plate_1,9e,2019-07-05,7,5,2019,186,Breeding
2361,PUMA_WA_001,PUMA_WA_001,1,PUMA,WA,"Bremerton, Kitsap, WA",UWBM:86057,20231102_Plate_1/11b,20231102,Plate_1,11b,2006-06-25,6,25,2006,176,Breeding
2362,PUMA_WA_002,PUMA_WA_002,1,PUMA,WA,"Bellingham, Whatcom, WA",UWBM:119728,20231102_Plate_1/11c,20231102,Plate_1,11c,2007-08-10,8,10,2007,222,Migrating
2363,PUMA_WA_003,PUMA_WA_003,1,PUMA,WA,"waterfront near senior center Edmonds, Snohomish, WA",UWBM:88763,20231102_Plate_1/11d,20231102,Plate_1,11d,2008-08-12,8,12,2008,225,Migrating
2364,PUMA_WA_004,PUMA_WA_004,1,PUMA,WA,"English Boom, Island, WA",UWBM:120024,20231102_Plate_1/11e,20231102,Plate_1,11e,2003-06-11,6,11,2003,162,Breeding
3580,PUMA_WA_004,PUMA_WA_004_seq2,2,PUMA,WA,"English Boom, Island, WA",UWBM:120024,20240711Plate_4/10e,20240711,Plate_4,10e,2003-06-11,6,11,2003,162,Breeding
2365,PUMA_WA_005,PUMA_WA_005,1,PUMA,WA,"near 231 Pafitt Way SW, in harbor, Kitsap, WA",UWBM:119280,20231102_Plate_1/11f,20231102,Plate_1,11f,2013-06-22,6,22,2013,173,Breeding
2366,PUMA_WA_006,PUMA_WA_006,1,PUMA,WA,"Washington, USA",UWBM:120067,20231102_Plate_1/11g,20231102,Plate_1,11g,2007-08-10,8,10,2007,222,Migrating
2451,VGSW_CO001,VGSW_CO001,1,VGSW,CO,"Estes Park, Riverside Drive",DMNS:Bird:34891,20231102_Plate_2/10d,20231102,Plate_2,10d,2005-06-26,6,26,2005,177,Breeding
3529,VGSW_CO001,VGSW_CO001_seq2,2,VGSW,CO,"Estes Park, Riverside Drive",DMNS:Bird:34891,20240711Plate_4/4b,20240711,Plate_4,4b,2005-06-26,6,26,2005,177,Breeding
2452,VGSW_CO002,VGSW_CO002,1,VGSW,CO,"Drowsy Water Ranch, 1454 4451 County Road, 8 kilometers northwest of Granby,CO",DMNS:Bird:43248,20231102_Plate_2/10e,20231102,Plate_2,10e,2009-08-24,8,24,2009,236,Migrating
3530,VGSW_CO002,VGSW_CO002_seq2,2,VGSW,CO,"Drowsy Water Ranch, 1454 4451 County Road, 8 kilometers northwest of Granby,CO",DMNS:Bird:43248,20240711Plate_4/4c,20240711,Plate_4,4c,2009-08-24,8,24,2009,236,Migrating
2454,VGSW_CO003,VGSW_CO003,1,VGSW,CO,"Littleton, Denver Water Facility Outlet, Works, 11300 Waterton Road",DMNS:Bird:56024,20231102_Plate_2/10g,20231102,Plate_2,10g,NA,NA,NA,NA,NA,Unknown
2455,VGSW_CO004,VGSW_CO004,1,VGSW,CO,"Littleton, Denver Water Facility Outlet, Works, 11300 Waterton Road",DMNS:Bird:56025,20231102_Plate_2/10h,20231102,Plate_2,10h,NA,NA,NA,NA,NA,Unknown
3532,VGSW_CO004,VGSW_CO004_seq2,2,VGSW,CO,"Littleton, Denver Water Facility Outlet Works, 11300 Waterton Road",DMNS:Bird:56025,20240711Plate_4/4e,20240711,Plate_4,4e,NA,NA,NA,NA,NA,Unknown
2456,VGSW_CO005,VGSW_CO005,1,VGSW,CO,"Littleton, Denver Water Facility Outlet, Works, 11300 Waterton Road",DMNS:Bird:56026,20231102_Plate_2/11a,20231102,Plate_2,11a,NA,NA,NA,NA,NA,Unknown
2457,VGSW_CO006,VGSW_CO006,1,VGSW,CO,"Littleton, Denver Water Facility Outlet, Works, 11300 Waterton Road",DMNS:Bird:56027,20231102_Plate_2/11b,20231102,Plate_2,11b,NA,NA,NA,NA,NA,Unknown
2458,VGSW_CO008,VGSW_CO008,1,VGSW,CO,"Littleton, Denver Water Facility Outlet, Works, 11300 Waterton Road",DMNS:Bird:56028,20231102_Plate_2/11c,20231102,Plate_2,11c,NA,NA,NA,NA,NA,Unknown
2459,VGSW_CO009,VGSW_CO009,1,VGSW,CO,"Lafayette, Whispering Meadow Park",DMNS:Bird:56193,20231102_Plate_2/11d,20231102,Plate_2,11d,2012-07-17,7,17,2012,199,Breeding
2453,VGSW_CO010,VGSW_CO010,1,VGSW,CO,"Higgins Gulch, 1.5 miles southwest of Speaefish",DMNS:Bird:45508,20231102_Plate_2/10f,20231102,Plate_2,10f,2010-08-17,8,17,2010,229,Migrating
3531,VGSW_CO010,VGSW_CO010_seq2,2,VGSW,CO,"Higgins Gulch, 1.5 miles southwest of Spearfish",DMNS:Bird:45508,20240711Plate_4/4d,20240711,Plate_4,4d,2010-08-17,8,17,2010,229,Migrating
3533,VGSW_NM001,VGSW_NM001_seq2,1,VGSW,NM,"Spring Cañon Jarido, Sandoval, NM",UWBM:74524,20240711Plate_4/4f,20240711,Plate_4,4f,2002-06-27,6,27,2002,178,Breeding
3534,VGSW_NM002,VGSW_NM002_seq2,1,VGSW,NM,"Spring Cañon Jarido, Sandoval, NM",UWBM:74523,20240711Plate_4/4g,20240711,Plate_4,4g,2002-06-27,6,27,2002,178,Breeding
2435,VGSW_NV001,VGSW_NV001,1,VGSW,NV,"Carpenter Canyon Pahrump, Clark, NV",UWBM:80463,20231102_Plate_2/8d,20231102,Plate_2,8d,2012-05-24,5,24,2012,145,Migrating
2436,VGSW_NV002,VGSW_NV002,1,VGSW,NV,"Carpenter Canyon Pahrump, Clark, NV",UWBM:80464,20231102_Plate_2/8e,20231102,Plate_2,8e,2012-05-24,5,24,2012,145,Migrating
2437,VGSW_NV003,VGSW_NV003,1,VGSW,NV,"Carpenter Canyon Pahrump, Clark, NV",UWBM:78839,20231102_Plate_2/8f,20231102,Plate_2,8f,2012-05-24,5,24,2012,145,Migrating
3589,VGSW_NV003,VGSW_NV003_seq2,2,VGSW,NV,"Carpenter Canyon Pahrump, Clark, NV",UWBM:78839,20240711Plate_4/11f,20240711,Plate_4,11f,2012-05-24,5,24,2012,145,Migrating
2438,VGSW_NV004,VGSW_NV004,1,VGSW,NV,"Cabin Canyon Mesquite, Clark, NV",UWBM:95588,20231102_Plate_2/8g,20231102,Plate_2,8g,2012-05-26,5,26,2012,147,Migrating
2439,VGSW_NV005,VGSW_NV005,1,VGSW,NV,"Cabin Canyon Mesquite, Clark, NV",UWBM:91481,20231102_Plate_2/8h,20231102,Plate_2,8h,2012-05-26,5,26,2012,147,Migrating
3587,VGSW_NV005,VGSW_NV005_seq2,2,VGSW,NV,"Cabin Canyon Mesquite, Clark, NV",UWBM:91481,20240711Plate_4/11d,20240711,Plate_4,11d,2012-05-26,5,26,2012,147,Migrating
2440,VGSW_NV006,VGSW_NV006,1,VGSW,NV,"Cabin Canyon Mesquite, Clark, NV",UWBM:60570,20231102_Plate_2/9a,20231102,Plate_2,9a,2012-05-26,5,26,2012,147,Migrating
2431,VGSW_NV008,VGSW_NV008,1,VGSW,NV,"Cabin Canyon Mesquite, Clark, NV",UWBM:80325,20231102_Plate_2/7h,20231102,Plate_2,7h,2012-05-25,5,25,2012,146,Migrating
2432,VGSW_NV009,VGSW_NV009,1,VGSW,NV,"Spring Mountains; Clark Canyon [36.20'N/115.43'W], Clark, NV",UWBM:60586,20231102_Plate_2/8a,20231102,Plate_2,8a,2001-07-06,7,6,2001,187,Breeding
2433,VGSW_NV010,VGSW_NV010,1,VGSW,NV,"Spring Mountains; Macks Canyon [36°21'N, 115°41'W], Clark, NV",UWBM:116626,20231102_Plate_2/8b,20231102,Plate_2,8b,2005-05-18,5,18,2005,138,Migrating
2434,VGSW_NV011,VGSW_NV011,1,VGSW,NV,"Cabin Canyon Mesquite, Clark, NV",UWBM:80482,20231102_Plate_2/8c,20231102,Plate_2,8c,2012-05-25,5,25,2012,146,Migrating
2411,VGSW_PI_BC007,VGSW_PI_BC007,1,VGSW,PI_BC,"Pender Island, BC",272196948,20231102_Plate_2/5d,20231102,Plate_2,5d,2021-06-22,6,22,2021,173,Breeding
2412,VGSW_PI_BC008,VGSW_PI_BC008,1,VGSW,PI_BC,"Pender Island, BC",272196949,20231102_Plate_2/5e,20231102,Plate_2,5e,2021-06-22,6,22,2021,173,Breeding
3586,VGSW_PI_BC008,VGSW_PI_BC008_seq2,2,VGSW,PI_BC,"Pender Island, BC",272196949,20240711Plate_4/11c,20240711,Plate_4,11c,2021-06-22,6,22,2021,173,Breeding
2413,VGSW_PI_BC009,VGSW_PI_BC009,1,VGSW,PI_BC,"Pender Island, BC",272196950,20231102_Plate_2/5f,20231102,Plate_2,5f,2021-06-22,6,22,2021,173,Breeding
2414,VGSW_PI_BC010,VGSW_PI_BC010,1,VGSW,PI_BC,"Pender Island, BC",272196951,20231102_Plate_2/5g,20231102,Plate_2,5g,2021-06-23,6,23,2021,174,Breeding
2415,VGSW_PI_BC011,VGSW_PI_BC011,1,VGSW,PI_BC,"Pender Island, BC",272196952,20231102_Plate_2/5h,20231102,Plate_2,5h,2021-06-25,6,25,2021,176,Breeding
2416,VGSW_PI_BC012,VGSW_PI_BC012,1,VGSW,PI_BC,"Pender Island, BC",272196953,20231102_Plate_2/6a,20231102,Plate_2,6a,2021-06-25,6,25,2021,176,Breeding
2417,VGSW_PI_BC013,VGSW_PI_BC013,1,VGSW,PI_BC,"Pender Island, BC",272196954,20231102_Plate_2/6b,20231102,Plate_2,6b,2021-06-25,6,25,2021,176,Breeding
2418,VGSW_PI_BC014,VGSW_PI_BC014,1,VGSW,PI_BC,"Pender Island, BC",272196955,20231102_Plate_2/6c,20231102,Plate_2,6c,2021-06-25,6,25,2021,176,Breeding
3513,VGSW_PI_BC014,VGSW_PI_BC014_seq2,2,VGSW,PI_BC,"Pender Island, BC",272196955,20240711Plate_4/2b,20240711,Plate_4,2b,2021-06-25,6,25,2021,176,Breeding
2419,VGSW_PI_BC015,VGSW_PI_BC015,1,VGSW,PI_BC,"Pender Island, BC",272196956,20231102_Plate_2/6d,20231102,Plate_2,6d,2021-06-25,6,25,2021,176,Breeding
3514,VGSW_PI_BC015,VGSW_PI_BC015_seq2,2,VGSW,PI_BC,"Pender Island, BC",272196956,20240711Plate_4/2c,20240711,Plate_4,2c,2021-06-25,6,25,2021,176,Breeding
2420,VGSW_PI_BC016,VGSW_PI_BC016,1,VGSW,PI_BC,"Pender Island, BC",272196957,20231102_Plate_2/6e,20231102,Plate_2,6e,2021-06-25,6,25,2021,176,Breeding
2421,VGSW_SBC001,VGSW_SBC001,1,VGSW,SBC,"Surrey, BC",VGSW_SBC001,20231102_Plate_2/6f,20231102,Plate_2,6f,2019-05-12,5,12,2019,132,Migrating
3515,VGSW_SBC001,VGSW_SBC001_seq2,2,VGSW,SBC,"Surrey, BC",VGSW_SBC001,20240711Plate_4/2d,20240711,Plate_4,2d,2019-05-12,5,12,2019,132,Migrating
2422,VGSW_SBC002,VGSW_SBC002,1,VGSW,SBC,"North Vancouver: 1995 E 1st, Lower Mainland,BC",VGSW_SBC002,20231102_Plate_2/6g,20231102,Plate_2,6g,2021-07-08,7,8,2021,189,Breeding
3516,VGSW_SBC002,VGSW_SBC002_seq2,2,VGSW,SBC,"North Vancouver: 1995 E 1st, Lower Mainland,BC",VGSW_SBC002,20240711Plate_4/2e,20240711,Plate_4,2e,2021-07-08,7,8,2021,189,Breeding
2423,VGSW_SBC003,VGSW_SBC003,1,VGSW,SBC,"Langley: 9930 197 St. Lower Mainland, BC",VGSW_SBC003,20231102_Plate_2/6h,20231102,Plate_2,6h,2021-06-14,6,14,2021,165,Breeding
3517,VGSW_SBC003,VGSW_SBC003_seq2,2,VGSW,SBC,"Langley: 9930 197 St. Lower Mainland, BC",VGSW_SBC003,20240711Plate_4/2f,20240711,Plate_4,2f,2021-06-14,6,14,2021,165,Breeding
2424,VGSW_SBC004,VGSW_SBC004,1,VGSW,SBC,"Brackendale : 4183 Hope Rd., Lower Mainland, BC",VGSW_SBC004,20231102_Plate_2/7a,20231102,Plate_2,7a,2021-07-01,7,1,2021,182,Breeding
3518,VGSW_SBC004,VGSW_SBC004_seq2,2,VGSW,SBC,"Brackendale : 4183 Hope Rd., Lower Mainland, BC",VGSW_SBC004,20240711Plate_4/2g,20240711,Plate_4,2g,2021-07-01,7,1,2021,182,Breeding
2425,VGSW_SBC005,VGSW_SBC005,1,VGSW,SBC,"Brackendale : 4183 Hope Rd, Lower Mainland, BC",VGSW_SBC005,20231102_Plate_2/7b,20231102,Plate_2,7b,2021-07-01,7,1,2021,182,Breeding
3519,VGSW_SBC005,VGSW_SBC005_seq2,2,VGSW,SBC,"Brackendale : 4183 Hope Rd, Lower Mainland, BC",VGSW_SBC005,20240711Plate_4/2h,20240711,Plate_4,2h,2021-07-01,7,1,2021,182,Breeding
2426,VGSW_SBC006,VGSW_SBC006,1,VGSW,SBC,"Chilliwack: 47353 Swallow Crsct, Lower Mainland, BC",VGSW_SBC006,20231102_Plate_2/7c,20231102,Plate_2,7c,2021-06-29,6,29,2021,180,Breeding
3520,VGSW_SBC006,VGSW_SBC006_seq2,2,VGSW,SBC,"Chilliwack: 47353 Swallow Crsct, Lower Mainland, BC",VGSW_SBC006,20240711Plate_4/3a,20240711,Plate_4,3a,2021-06-29,6,29,2021,180,Breeding
2427,VGSW_SBC007,VGSW_SBC007,1,VGSW,SBC,"Burnaby, Wildlife Rescue Association, Lower Mainland, BC",VGSW_SBC007,20231102_Plate_2/7d,20231102,Plate_2,7d,2012-06-22,6,22,2012,174,Breeding
3521,VGSW_SBC007,VGSW_SBC007_seq2,2,VGSW,SBC,"Burnaby, Wildlife Rescue Association, Lower Mainland, BC",VGSW_SBC007,20240711Plate_4/3b,20240711,Plate_4,3b,2012-06-22,6,22,2012,174,Breeding
2428,VGSW_SBC008,VGSW_SBC008,1,VGSW,SBC,"Vancouver: Wesbrook Preschool, Lower Mainland, BC",VGSW_SBC008,20231102_Plate_2/7e,20231102,Plate_2,7e,2021-07-12,7,12,2021,193,Breeding
2429,VGSW_SBC009,VGSW_SBC009,1,VGSW,SBC,"Vancouver: 2621 Tiger Place, Lower Mainland, BC",VGSW_SBC009,20231102_Plate_2/7f,20231102,Plate_2,7f,2021-06-29,6,29,2021,180,Breeding
3522,VGSW_SBC009,VGSW_SBC009_seq2,2,VGSW,SBC,"Vancouver: 2621 Tiger Place, Lower Mainland, BC",VGSW_SBC009,20240711Plate_4/3c,20240711,Plate_4,3c,2021-06-29,6,29,2021,180,Breeding
2430,VGSW_SBC010,VGSW_SBC010,1,VGSW,SBC,"Maple Ridge: 11042 Buckerfield Pr., Lower Mainland, BC",VGSW_SBC010,20231102_Plate_2/7g,20231102,Plate_2,7g,2021-06-28,6,28,2021,179,Breeding
3523,VGSW_SBC010,VGSW_SBC010_seq2,2,VGSW,SBC,"Maple Ridge: 11042 Buckerfield Pr., Lower Mainland, BC",VGSW_SBC010,20240711Plate_4/3d,20240711,Plate_4,3d,2021-06-28,6,28,2021,179,Breeding
2444,VGSW_WA007,VGSW_WA007,1,VGSW,WA,"Electric City, Douglas, WA",UWBM:100142,20231102_Plate_2/9e,20231102,Plate_2,9e,1993-03-30,3,30,1993,89,Wintering
3526,VGSW_WA007,VGSW_WA007_seq2,2,VGSW,WA,"Electric City, Douglas, WA",UWBM:100142,20240711Plate_4/3g,20240711,Plate_4,3g,1993-03-30,3,30,1993,89,Wintering
2441,VGSW_WA008,VGSW_WA008,1,VGSW,WA,"Barker Canyon at Banks Lake Electric City, Grant, WA",UWBM:51053,20231102_Plate_2/9b,20231102,Plate_2,9b,2016-05-30,5,30,2016,151,Migrating
2442,VGSW_WA009,VGSW_WA009,1,VGSW,WA,"valley west of Blue Lake Oroville, Okanogan, WA",UWBM:124892,20231102_Plate_2/9c,20231102,Plate_2,9c,1999-09-05,9,5,1999,248,Migrating
3524,VGSW_WA009,VGSW_WA009_seq2,2,VGSW,WA,"valley west of Blue Lake Oroville, Okanogan, WA",UWBM:124892,20240711Plate_4/3e,20240711,Plate_4,3e,1999-09-05,9,5,1999,248,Migrating
2443,VGSW_WA010,VGSW_WA010,1,VGSW,WA,"T16N R3E Sec. 19 Yelm, Thurston, WA",UWBM:84218,20231102_Plate_2/9d,20231102,Plate_2,9d,2008-05-26,5,26,2008,147,Migrating
3525,VGSW_WA010,VGSW_WA010_seq2,2,VGSW,WA,"T16N R3E Sec. 19 Yelm, Thurston, WA",UWBM:84218,20240711Plate_4/3f,20240711,Plate_4,3f,2008-05-26,5,26,2008,147,Migrating
2445,VGSW_WA011,VGSW_WA011,1,VGSW,WA,"Skagit, WA",UWBM:100430,20231102_Plate_2/9f,20231102,Plate_2,9f,2002-03-20,3,20,2002,79,Wintering
3527,VGSW_WA011,VGSW_WA011_seq2,2,VGSW,WA,"Skagit, WA",UWBM:100430,20240711Plate_4/3h,20240711,Plate_4,3h,2002-03-20,3,20,2002,79,Wintering
2446,VGSW_WA012,VGSW_WA012,1,VGSW,WA,"Skagit Wildlife Area, Skagit, WA",UWBM:119066,20231102_Plate_2/9g,20231102,Plate_2,9g,2002-03-20,3,20,2002,79,Wintering
2447,VGSW_WA013,VGSW_WA013,1,VGSW,WA,"Skagit, WA",UWBM:100519,20231102_Plate_2/9h,20231102,Plate_2,9h,2002-03-20,3,20,2002,79,Wintering
2448,VGSW_WA014,VGSW_WA014,1,VGSW,WA,"Skagit, WA",UWBM:79861,20231102_Plate_2/10a,20231102,Plate_2,10a,2002-03-20,3,20,2002,79,Wintering
3528,VGSW_WA014,VGSW_WA014_seq2,2,VGSW,WA,"Skagit, WA",UWBM:79861,20240711Plate_4/4a,20240711,Plate_4,4a,2002-03-20,3,20,2002,79,Wintering
2449,VGSW_WA015,VGSW_WA015,1,VGSW,WA,"Port Orchard, Kitsap, WA",UWBM:104722,20231102_Plate_2/10b,20231102,Plate_2,10b,2004-05-09,5,9,2004,130,Migrating
2450,VGSW_WA016,VGSW_WA016,1,VGSW,WA,"Barker Canyon at Banks Lake Electric City, Grant, WA",UWBM:104719,20231102_Plate_2/10c,20231102,Plate_2,10c,2016-05-30,5,30,2016,151,Migrating
